id,web_name,team_name,position,price,ep_total,exp_minutes
1,Raya,Arsenal,GK,6.1,21.58,401.9404500000001
2,Arrizabalaga,Arsenal,GK,4.9,21.58,357.2343
3,Meslier,Arsenal,GK,4.9,21.58,357.21000000000004
4,Gabriel,Arsenal,DEF,8.0,21.58,363.48541500000005
5,J.Timber,Arsenal,DEF,6.5,21.58,377.0863499999999
6,Saliba,Arsenal,DEF,5.9,21.58,0.0
7,Lewis-Skelly,Arsenal,MID,5.4,12.9,311.428962
8,Calafiori,Arsenal,DEF,5.9,21.58,364.05691249999995
9,Hincapie,Arsenal,DEF,5.2,21.58,337.57155000000006
10,White,Arsenal,DEF,5.4,21.58,378.03509166666663
11,Mosquera,Arsenal,DEF,5.3,21.58,375.258
12,Saka,Arsenal,MID,9.6,12.9,332.4786660000001
13,Rice,Arsenal,MID,7.4,12.9,270.89448749999997
14,Eze,Arsenal,MID,6.2,12.9,313.82976300000007
15,Ødegaard,Arsenal,MID,6.8,12.9,323.759592
16,Madueke,Arsenal,MID,6.2,12.9,309.62412000000006
17,Merino,Arsenal,MID,5.7,12.9,313.680432
18,Martinelli,Arsenal,MID,6.3,12.9,0.0
19,Zubimendi,Arsenal,MID,5.3,12.9,313.701765
20,Dowman,Arsenal,MID,5.3,12.9,345.91453
22,Nwaneri,Arsenal,MID,5.4,12.9,0.0
23,Fábio Vieira,Arsenal,MID,5.5,12.9,0.0
24,Nelson,Arsenal,MID,5.5,12.9,0.0
25,Gyökeres,Arsenal,FWD,7.1,10.0,312.14898000000005
26,Havertz,Arsenal,FWD,7.6,10.0,263.94225
27,G.Jesus,Arsenal,FWD,5.9,10.0,0.0
31,Konsa,Arsenal,DEF,4.6,21.58,296.50160416666665
452,Bruno G.,Arsenal,MID,6.7,12.9,361.62126
557,Tzolis,Arsenal,MID,6.3,12.9,0.0
29,M.Bizot,Aston Villa,GK,4.5,21.42,297.69525
30,Digne,Aston Villa,DEF,4.5,21.42,0.0
32,Cash,Aston Villa,DEF,4.4,21.42,375.9975
33,Mings,Aston Villa,DEF,4.5,21.42,343.70599999999996
34,Pau,Aston Villa,DEF,4.4,21.42,282.75706875000003
35,Bogarde,Aston Villa,MID,4.9,12.86,309.60306
36,Maatsen,Aston Villa,DEF,4.4,21.42,0.0
37,Lindelöf,Aston Villa,DEF,4.5,21.42,341.8079925
38,A.García,Aston Villa,DEF,4.0,21.42,337.70925000000005
39,Nedeljkovic,Aston Villa,DEF,4.0,21.42,0.0
41,Buendía,Aston Villa,MID,5.9,12.86,336.80181600000003
44,Bailey,Aston Villa,MID,5.4,12.86,0.0
45,McGinn,Aston Villa,MID,5.4,12.86,333.01164
46,Barkley,Aston Villa,MID,5.0,12.86,315.35790000000003
47,Kamara,Aston Villa,MID,5.0,12.86,361.25271000000004
48,Onana,Aston Villa,MID,4.9,12.86,0.0
49,Iling Jr,Aston Villa,MID,5.0,12.86,0.0
50,Burrowes,Aston Villa,MID,4.5,12.86,309.6873
51,George Hemmings,Aston Villa,MID,4.5,12.86,313.82976300000007
52,Alysson,Aston Villa,MID,5.0,12.86,267.54
53,Manzambi,Aston Villa,MID,5.9,12.86,374.12249333333335
54,Gomes,Aston Villa,MID,5.5,12.86,352.261
55,Watkins,Aston Villa,FWD,7.8,10.0,0.0
56,Abraham,Aston Villa,FWD,5.5,10.0,348.48640666666665
160,Garnacho,Aston Villa,MID,5.8,12.86,309.64518000000004
166,N.Jackson,Aston Villa,FWD,6.5,10.0,321.50664000000006
582,Madjo,Aston Villa,FWD,5.4,10.0,258.0201
596,Ruggeri,Aston Villa,DEF,4.5,21.42,343.635875
597,Suzuki,Aston Villa,GK,5.0,21.42,366.30719999999997
606,Rowe,Aston Villa,DEF,4.0,21.42,337.41089999999997
607,Lynch,Aston Villa,MID,4.5,12.86,0.0
611,Wan-Bissaka,Aston Villa,DEF,4.5,21.42,345.5337549999999
618,Goretzka,Aston Villa,MID,5.9,12.86,0.0
630,Harwood-Bellis,Aston Villa,DEF,4.5,21.42,337.36500000000007
631,Mbaye,Aston Villa,MID,6.0,12.86,313.61643300000003
667,Wright,Aston Villa,GK,4.0,21.42,357.28290000000004
57,Petrović,Bournemouth,GK,4.5,21.42,364.54275
58,Forster,Bournemouth,GK,4.0,21.42,358.0605
59,Dennis,Bournemouth,GK,4.0,21.42,0.0
60,Hill,Bournemouth,DEF,5.5,21.42,350.0504
61,Truffert,Bournemouth,DEF,5.4,21.42,348.67225249999996
62,Diakité,Bournemouth,DEF,4.9,21.42,337.41089999999997
63,Milosavljević,Bournemouth,DEF,4.9,21.42,0.0
64,Smith,Bournemouth,DEF,4.5,21.42,341.7614975
65,J.Araujo,Bournemouth,DEF,4.4,21.42,0.0
66,Soler,Bournemouth,DEF,4.0,21.42,374.9265
67,Rayan,Bournemouth,MID,6.3,12.86,317.35840499999995
68,Tavernier,Bournemouth,MID,6.1,12.86,330.13223100000005
69,Scott,Bournemouth,MID,6.1,12.86,0.0
70,Kluivert,Bournemouth,MID,5.9,12.86,0.0
71,Cook,Bournemouth,MID,5.0,12.86,311.34425400000003
72,Gannon-Doak,Bournemouth,MID,4.9,12.86,313.61643300000003
73,Adams,Bournemouth,MID,5.0,12.86,356.7928
74,Brooks,Bournemouth,MID,5.0,12.86,345.91453
75,Christie,Bournemouth,MID,5.0,12.86,350.34999999999997
76,Tóth.A,Bournemouth,MID,4.9,12.86,311.30190000000005
77,Adli,Bournemouth,MID,4.9,12.86,0.0
78,Kroupi.Jr,Bournemouth,MID,7.4,12.86,0.0
79,Evanilson,Bournemouth,FWD,6.0,10.0,323.49248100000005
80,Enes Ünal,Bournemouth,FWD,5.5,10.0,0.0
81,Rodríguez,Bournemouth,FWD,6.0,10.0,345.91453
566,Silva,Bournemouth,DEF,5.0,21.42,350.00280000000004
573,Sanchez,Bournemouth,DEF,4.4,21.42,337.41089999999997
608,Jebbison,Bournemouth,FWD,5.0,10.0,311.323077
615,Di Gregorio,Bournemouth,GK,4.5,21.42,357.21000000000004
82,Kelleher,Brentford,GK,5.0,21.42,378.61965
83,Valdimarsson,Brentford,GK,4.5,21.42,357.2343
84,Collins,Brentford,DEF,5.4,21.42,0.0
85,Van den Berg,Brentford,DEF,4.9,21.42,0.0
86,Lewis-Potter,Brentford,MID,5.5,12.86,317.37997199999995
87,Ajer,Brentford,DEF,4.5,21.42,355.12485749999996
88,Kayode,Brentford,DEF,4.6,21.42,353.55274000000003
89,Henry,Brentford,DEF,4.4,21.42,337.41089999999997
90,Hickey,Brentford,DEF,4.5,21.42,341.7614975
92,Ji-soo,Brentford,DEF,4.4,21.42,337.36500000000007
93,Schuster,Brentford,DEF,4.5,21.42,373.1279849999999
94,Schade,Brentford,MID,6.2,12.86,359.41152
95,O.Dango,Brentford,MID,6.3,12.86,313.680432
96,Damsgaard,Brentford,MID,5.4,12.86,264.26764
97,Jensen,Brentford,MID,5.4,12.86,0.0
98,Janelt,Brentford,MID,5.0,12.86,323.31682500000005
99,Milambo,Brentford,MID,5.0,12.86,0.0
100,Carvalho,Brentford,MID,5.0,12.86,356.71999999999997
102,Yarmoliuk,Brentford,MID,4.8,12.86,322.899642
103,Dasilva,Brentford,MID,4.9,12.86,0.0
105,Anthony,Brentford,MID,5.9,12.86,330.83910599999996
106,Thiago,Brentford,FWD,7.8,10.0,323.14464
107,Furo,Brentford,FWD,4.5,10.0,0.0
108,Wilson,Brentford,FWD,5.4,10.0,309.64518000000004
565,M.Sangaré,Brentford,MID,5.6,12.86,318.889662
620,Diouf,Brentford,DEF,4.5,21.42,341.7614975
657,Nunes,Brentford,MID,4.5,12.86,309.582
660,Fredrick,Brentford,DEF,4.0,21.42,337.36500000000007
661,Balcombe,Brentford,GK,4.0,21.42,357.2343
109,Verbruggen,Brighton,GK,4.5,21.27,393.90048
111,Steele,Brighton,GK,4.0,21.27,358.182
113,F.Kadıoğlu,Brighton,DEF,4.4,21.27,400.94287499999996
114,Boscagli,Brighton,DEF,4.5,21.27,362.42895
115,De Cuyper,Brighton,DEF,5.0,21.27,381.044205
116,Dunk,Brighton,DEF,4.5,21.27,403.02750000000003
117,Coppola,Brighton,DEF,4.5,21.27,337.36500000000007
118,Igor,Brighton,DEF,4.5,21.27,0.0
119,Costinha,Brighton,DEF,4.5,21.27,341.73825
120,Svoboda,Brighton,DEF,5.0,21.27,339.26232749999997
121,Mitoma,Brighton,MID,5.9,12.82,0.0
122,Minteh,Brighton,MID,5.8,12.82,0.0
123,Hinshelwood,Brighton,MID,5.9,12.82,172.0485
124,Groß,Brighton,MID,5.9,12.82,377.83515900000003
125,Georginio,Brighton,FWD,5.3,10.0,345.98512
126,O'Riley,Brighton,MID,5.4,12.82,313.61643300000003
127,Gomez,Brighton,MID,5.0,12.82,331.60420799999997
128,Buonanotte,Brighton,MID,5.0,12.82,0.0
129,Ayari,Brighton,MID,5.4,12.82,367.64901333333336
130,Wieffer,Brighton,DEF,4.9,21.27,0.0
132,Howell,Brighton,MID,4.5,12.82,0.0
133,Watson,Brighton,MID,5.0,12.82,0.0
134,Oriola,Brighton,MID,4.4,12.82,309.62412000000006
135,Yohanna,Brighton,MID,4.8,12.82,0.0
137,Tzimas,Brighton,FWD,5.4,10.0,0.0
138,Kostoulas,Brighton,FWD,5.6,10.0,350.02897800000005
139,Ferguson,Brighton,FWD,5.0,10.0,0.0
328,Struijk,Brighton,DEF,4.9,21.27,291.58966666666663
504,Vuskovic,Brighton,DEF,5.0,21.27,367.8009925
594,David,Brighton,FWD,5.9,10.0,309.62412000000006
600,Osman,Brighton,MID,5.0,12.82,311.30190000000005
605,Yalcouyé,Brighton,MID,4.5,12.82,327.6479700000001
614,Hadjam,Brighton,DEF,4.5,21.27,337.36500000000007
624,Cozier-Duberry,Brighton,MID,5.0,12.82,0.0
639,Andrés,Brighton,MID,5.5,12.82,332.53661999999997
652,Azeez,Brighton,MID,5.5,12.82,0.0
658,Ibrahim,Brighton,MID,4.5,12.82,309.582
28,Martinez,Chelsea,GK,5.0,21.58,366.97909500000003
40,Rogers,Chelsea,MID,7.8,12.9,338.08776300000005
101,Henderson,Chelsea,MID,4.9,12.9,348.43899999999996
136,Welbeck,Chelsea,FWD,5.9,10.0,350.5883333333333
140,Sánchez,Chelsea,GK,4.9,21.58,0.0
141,Jörgensen,Chelsea,GK,5.0,21.58,0.0
142,James,Chelsea,DEF,5.3,21.58,378.31715
143,Chalobah,Chelsea,DEF,5.5,21.58,0.0
144,Gusto,Chelsea,DEF,4.9,21.58,339.4469475
145,Fofana,Chelsea,DEF,5.0,21.58,386.70343888888885
146,B.Badiashile,Chelsea,DEF,4.5,21.58,0.0
148,Hato,Chelsea,DEF,4.5,21.58,337.52565000000004
149,Colwill,Chelsea,DEF,4.8,21.58,341.9242300000001
150,M.Sarr,Chelsea,DEF,4.5,21.58,0.0
151,Acheampong,Chelsea,DEF,4.5,21.58,337.43385
152,Palestra,Chelsea,DEF,5.3,21.58,375.00299999999993
154,Palmer,Chelsea,MID,9.7,12.9,364.51059666666663
156,Neto,Chelsea,MID,6.5,12.9,317.336838
157,Estêvão,Chelsea,MID,6.3,12.9,313.744431
158,Gittens,Chelsea,MID,5.8,12.9,0.0
159,Caicedo,Chelsea,MID,5.3,12.9,344.21400000000006
161,Lavia,Chelsea,MID,5.0,12.9,313.63776600000006
163,D.Essugo,Chelsea,MID,4.5,12.9,0.0
164,Quenda,Chelsea,MID,5.3,12.9,345.891
165,João Pedro,Chelsea,FWD,7.7,10.0,384.54
168,Marc Guiu,Chelsea,FWD,5.0,10.0,0.0
169,Mheuka,Chelsea,FWD,4.5,10.0,309.6873
170,Emegha,Chelsea,FWD,4.9,10.0,0.0
200,Lacroix,Chelsea,DEF,5.9,21.58,347.03791499999994
560,Penders,Chelsea,GK,4.4,21.58,357.2343
561,Anselmino,Chelsea,DEF,4.5,21.58,374.85
568,Barco,Chelsea,MID,5.4,12.9,313.61643300000003
583,Chavarria,Chelsea,DEF,4.9,21.58,341.784745
662,Nicoll-Jazuli,Chelsea,MID,4.5,12.9,312.44849999999997
91,Pinnock,Coventry City,DEF,4.5,21.74,358.0061025
104,Onyeka,Coventry City,MID,4.9,12.94,354.8331366666667
110,Rushworth,Coventry City,GK,4.5,21.74,381.86725499999994
171,Dovin,Coventry City,GK,4.0,21.74,0.0
172,Wilson,Coventry City,GK,4.4,21.74,357.28290000000004
173,Thomas,Coventry City,DEF,4.0,21.74,358.23930000000007
174,Kitching,Coventry City,DEF,4.0,21.74,0.0
175,van Ewijk,Coventry City,DEF,4.0,21.74,282.591
176,Dasilva,Coventry City,DEF,4.0,21.74,368.8281750000001
177,Kesler-Hayden,Coventry City,DEF,3.9,21.74,187.43775
178,Bidwell,Coventry City,DEF,4.0,21.74,337.38795000000005
179,Latibeaudiere,Coventry City,DEF,4.0,21.74,339.23924999999997
180,Woolfenden,Coventry City,DEF,3.9,21.74,0.0
181,Brau,Coventry City,DEF,4.0,21.74,0.0
182,Amenda,Coventry City,DEF,4.0,21.74,0.0
183,Rudoni,Coventry City,MID,4.9,12.94,358.65539666666666
184,Grimes,Coventry City,MID,4.9,12.94,319.34982299999996
185,Sakamoto,Coventry City,MID,4.8,12.94,309.60306
186,Mason-Clark,Coventry City,MID,5.3,12.94,348.4627033333333
187,Eccles,Coventry City,MID,4.8,12.94,0.0
188,Torp,Coventry City,MID,5.3,12.94,311.323077
189,Shepherd,Coventry City,MID,4.4,12.94,309.64518000000004
190,Tchaouna,Coventry City,MID,5.3,12.94,311.323077
191,Borges Rodrigues,Coventry City,MID,4.5,12.94,0.0
192,Andrews,Coventry City,MID,4.5,12.94,0.0
193,Wright,Coventry City,FWD,5.3,10.0,0.0
194,Thomas-Asante,Coventry City,FWD,5.0,10.0,319.50188399999996
195,Simms,Coventry City,FWD,4.9,10.0,311.428962
196,Markelo,Coventry City,FWD,5.0,10.0,0.0
197,Bassette,Coventry City,FWD,4.5,10.0,0.0
492,Awoniyi,Coventry City,FWD,5.4,10.0,0.0
575,Yirenkyi,Coventry City,MID,4.8,12.94,317.05646699999994
584,Hamer,Coventry City,MID,5.3,12.94,309.60306
599,Cherif,Coventry City,FWD,5.0,10.0,311.323077
623,Bentley,Coventry City,GK,4.0,21.74,357.42870000000005
655,Gboho,Coventry City,MID,5.5,12.94,309.582
656,Mfuni,Coventry City,DEF,4.0,21.74,349.8838
42,Guessand,Crystal Palace,MID,5.4,12.82,309.582
153,Disasi,Crystal Palace,DEF,4.5,21.27,0.0
198,Henderson,Crystal Palace,GK,4.9,21.27,0.0
199,Benitez,Crystal Palace,GK,4.5,21.27,375.096015
202,Richards,Crystal Palace,DEF,4.9,21.27,358.12786500000004
203,Canvot,Crystal Palace,DEF,4.8,21.27,354.281445
204,Mitchell,Crystal Palace,DEF,4.5,21.27,355.67910000000006
205,Sosa,Crystal Palace,DEF,4.5,21.27,0.0
206,Chadi Riad,Crystal Palace,DEF,4.3,21.27,0.0
207,Mingueza,Crystal Palace,DEF,4.3,21.27,337.38795000000005
208,Sarr,Crystal Palace,MID,6.2,12.82,346.05571
210,Wharton,Crystal Palace,MID,5.4,12.82,352.42874333333333
211,Yeremy,Crystal Palace,MID,5.5,12.82,315.37935000000004
212,Hughes,Crystal Palace,MID,4.4,12.82,312.720759
213,Lerma,Crystal Palace,MID,4.8,12.82,311.323077
214,Kamada,Crystal Palace,MID,5.0,12.82,330.906615
215,Devenny,Crystal Palace,MID,5.0,12.82,0.0
216,Esse,Crystal Palace,MID,5.0,12.82,0.0
217,M.França,Crystal Palace,MID,4.9,12.82,0.0
218,Doucouré,Crystal Palace,MID,4.8,12.82,309.582
219,J.Rak-Sakyi,Crystal Palace,MID,4.9,12.82,0.0
220,Cardines,Crystal Palace,DEF,4.5,21.27,0.0
221,Drakes-Thomas,Crystal Palace,MID,4.4,12.82,309.60306
222,Strand Larsen,Crystal Palace,FWD,6.0,10.0,328.65732900000006
223,Mateta,Crystal Palace,FWD,6.3,10.0,0.0
224,Nketiah,Crystal Palace,FWD,5.5,10.0,346.00865
225,Uche,Crystal Palace,FWD,5.0,10.0,0.0
241,McNeil,Crystal Palace,MID,5.3,12.82,309.60306
555,Matthews,Crystal Palace,GK,4.0,21.27,357.6231
577,Tomiyasu,Crystal Palace,DEF,4.4,21.27,0.0
588,Khalaili,Crystal Palace,DEF,5.0,21.27,404.7817583333333
595,Gozo,Crystal Palace,MID,4.9,12.82,311.30190000000005
633,Ahanor,Crystal Palace,DEF,4.5,21.27,343.61249999999995
643,Chilwell,Crystal Palace,DEF,4.5,21.27,339.33155999999997
644,Timber,Crystal Palace,MID,5.0,12.82,322.76790000000005
647,Osorio,Crystal Palace,MID,5.5,12.82,309.582
21,Nørgaard,Everton,MID,4.8,12.85,171.99
209,Johnson,Everton,MID,5.9,12.85,321.06984000000006
226,Pickford,Everton,GK,5.5,21.42,390.75709500000005
227,Travers,Everton,GK,5.0,21.42,357.21000000000004
228,King,Everton,GK,4.5,21.42,357.21000000000004
229,Tarkowski,Everton,DEF,6.2,21.42,387.86961999999994
230,Branthwaite,Everton,DEF,5.5,21.42,367.4018325
231,Keane,Everton,DEF,4.8,21.42,337.52565000000004
232,O'Brien,Everton,DEF,4.8,21.42,341.8079925
233,Mykolenko,Everton,DEF,4.6,21.42,309.46569791666667
234,Patterson,Everton,DEF,4.5,21.42,0.0
235,Aznou,Everton,DEF,4.0,21.42,0.0
236,Dewsbury-Hall,Everton,MID,6.6,12.85,320.522865
238,Grealish,Everton,MID,6.5,12.85,352.38081666666665
239,Garner,Everton,MID,6.0,12.85,358.6797933333333
242,George,Everton,MID,5.5,12.85,317.207436
243,Alcaraz,Everton,MID,4.9,12.85,309.60306
244,Armstrong,Everton,MID,5.0,12.85,354.9055466666666
245,Dibling,Everton,MID,5.3,12.85,311.30190000000005
246,Röhl,Everton,MID,4.9,12.85,171.99
247,Hackney,Everton,MID,5.4,12.85,348.48640666666665
248,Beto,Everton,FWD,5.4,10.0,0.0
249,Barry,Everton,FWD,5.7,10.0,327.00704400000006
649,Maitland-Niles,Everton,DEF,4.5,21.42,367.12741
654,Graham,Everton,MID,4.5,12.85,309.60306
250,Leno,Fulham,GK,4.5,22.05,384.7401
251,Lecomte,Fulham,GK,4.0,22.05,357.4773
252,McNally,Fulham,GK,4.0,22.05,0.0
253,Andersen,Fulham,DEF,5.0,22.05,376.9837833333333
254,Robinson,Fulham,DEF,4.5,22.05,295.47551250000004
255,J.Cuenca,Fulham,DEF,4.5,22.05,337.36500000000007
256,Tete,Fulham,DEF,4.4,22.05,374.90099999999995
257,Bassey,Fulham,DEF,4.5,22.05,362.60150000000004
258,Castagne,Fulham,DEF,4.5,22.05,352.0453075
261,Iwobi,Fulham,MID,5.4,13.01,325.21589100000006
262,Smith Rowe,Fulham,MID,5.3,13.01,311.34425400000003
263,Kevin,Fulham,MID,5.3,13.01,313.59510000000006
264,Bobb,Fulham,MID,5.5,13.01,321.11352000000005
265,Berge,Fulham,MID,4.9,13.01,321.11352000000005
266,Cairney,Fulham,MID,4.9,13.01,0.0
268,King,Fulham,MID,5.6,13.01,320.370804
269,Sessegnon,Fulham,DEF,4.3,22.05,374.9265
270,Reed,Fulham,MID,4.4,13.01,309.81366
271,Muniz,Fulham,FWD,5.4,10.0,311.386608
272,Kusi-Asare,Fulham,FWD,4.5,10.0,310.65606
569,Gonzalo,Fulham,FWD,6.1,10.0,318.673992
570,Palacios,Fulham,MID,5.4,13.01,311.34425400000003
580,Charles,Fulham,MID,5.0,13.01,326.8032300000001
610,De Fougerolles,Fulham,DEF,4.0,22.05,0.0
626,Zepa,Fulham,MID,4.4,13.01,309.64518000000004
635,Larsson,Fulham,MID,5.0,13.01,313.59510000000006
636,Ángel,Fulham,MID,5.0,13.01,309.582
650,Affengruber,Fulham,DEF,4.5,22.05,362.5029
240,Iroegbunam,Hull City,MID,5.0,12.86,345.891
273,Phillips,Hull City,GK,4.0,21.42,357.5502
274,Butland,Hull City,GK,4.4,21.42,0.0
275,Cartwright,Hull City,GK,4.0,21.42,0.0
276,Lo-Tutala,Hull City,GK,4.0,21.42,0.0
277,Egan,Hull City,DEF,4.1,21.42,345.365625
278,Hughes,Hull City,DEF,3.9,21.42,0.0
279,Ajayi,Hull City,DEF,4.2,21.42,383.32544444444443
280,Coyle,Hull City,DEF,4.0,21.42,379.88998055555555
281,Drameh,Hull City,DEF,4.0,21.42,0.0
282,Giles,Hull City,DEF,4.0,21.42,346.19182499999994
283,Jacob,Hull City,DEF,4.0,21.42,0.0
284,McCarthy,Hull City,DEF,4.0,21.42,337.38795000000005
285,McNair,Hull City,DEF,4.0,21.42,374.8755
286,Belloumi,Hull City,MID,5.1,12.86,343.680363
287,Millar,Hull City,MID,5.0,12.86,0.0
288,Dowell,Hull City,MID,4.4,12.86,309.64518000000004
289,Crooks,Hull City,MID,4.4,12.86,346.00865
290,Slater,Hull City,MID,4.5,12.86,318.11325
291,Matazo,Hull City,MID,4.5,12.86,0.0
292,Ömür,Hull City,MID,4.9,12.86,309.582
293,Kamara,Hull City,MID,5.0,12.86,0.0
294,Zambrano,Hull City,MID,4.5,12.86,344.0034
295,McBurnie,Hull City,FWD,5.5,10.0,319.740837
296,Akintola,Hull City,MID,5.0,12.86,0.0
297,Gyabi,Hull City,MID,4.4,12.86,0.0
298,Destan,Hull City,FWD,4.5,10.0,0.0
299,Burstow,Hull City,FWD,4.5,10.0,0.0
340,Gelhardt,Hull City,MID,5.0,12.86,345.891
556,Targett,Hull City,DEF,4.0,21.42,0.0
563,Morita,Hull City,MID,4.9,12.86,343.98
572,Tzolakis,Hull City,GK,4.7,21.42,378.48951
574,Hjertø-Dahl,Hull City,MID,4.9,12.86,309.60306
576,Stroud,Hull City,MID,5.0,12.86,311.323077
585,Herrington,Hull City,DEF,4.0,21.42,341.877735
586,Mendy,Hull City,DEF,4.1,21.42,378.5222833333333
589,Gourna-Douath,Hull City,MID,5.0,12.86,311.30190000000005
617,Cho,Hull City,MID,5.0,12.86,322.76790000000005
632,Ansah,Hull City,FWD,5.0,10.0,0.0
637,Vaz,Hull City,FWD,5.0,10.0,313.61643300000003
638,Norton-Cuffy,Hull City,DEF,4.0,21.42,374.90099999999995
642,Thomas,Hull City,MID,5.5,12.86,315.31500000000005
645,Mouzakitis,Hull City,MID,5.0,12.86,309.582
259,Diop,Ipswich Town,DEF,4.0,21.58,350.779105
267,Lukić,Ipswich Town,MID,4.9,12.89,315.33645
300,Walton,Ipswich Town,GK,4.4,21.58,361.93895999999995
301,Palmer,Ipswich Town,GK,4.0,21.58,358.13340000000005
302,Button,Ipswich Town,GK,4.0,21.58,357.3558
303,Kipré,Ipswich Town,DEF,3.9,21.58,337.57155000000006
304,O'Shea,Ipswich Town,DEF,4.0,21.58,344.19687500000003
305,Davis,Ipswich Town,DEF,4.0,21.58,372.442545
306,Greaves,Ipswich Town,DEF,3.9,21.58,339.51618
307,Johnson,Ipswich Town,DEF,4.0,21.58,0.0
308,Furlong,Ipswich Town,DEF,3.9,21.58,337.5027
309,Núñez,Ipswich Town,MID,4.9,12.89,309.60306
310,Matusiwa,Ipswich Town,MID,4.9,12.89,343.98
311,Burns,Ipswich Town,MID,5.0,12.89,0.0
312,Taylor,Ipswich Town,MID,4.4,12.89,343.98
313,Clarke,Ipswich Town,MID,5.3,12.89,315.35790000000003
314,Ogbene,Ipswich Town,MID,4.9,12.89,0.0
315,Fatawu,Ipswich Town,MID,5.4,12.89,0.0
316,Emersonn,Ipswich Town,FWD,5.6,10.0,374.9619033333334
317,Hirst,Ipswich Town,FWD,5.0,10.0,0.0
318,Philogene,Ipswich Town,MID,5.4,12.89,348.4627033333333
319,Szmodics,Ipswich Town,MID,5.0,12.89,0.0
320,Akpom,Ipswich Town,FWD,5.0,10.0,311.534847
321,Walle Egeli,Ipswich Town,FWD,4.5,10.0,310.31910000000005
322,Al-Hamadi,Ipswich Town,FWD,5.0,10.0,0.0
323,McAteer,Ipswich Town,MID,4.4,12.89,309.79260000000005
324,Mehmeti,Ipswich Town,MID,4.8,12.89,309.582
554,Van Oevelen,Ipswich Town,GK,4.5,21.58,0.0
562,Maeda,Ipswich Town,MID,5.3,12.89,313.63776600000006
564,Scherpen,Ipswich Town,GK,4.5,21.58,359.31667500000003
571,Florentino,Ipswich Town,MID,4.8,12.89,348.4627033333333
591,Enciso,Ipswich Town,MID,5.5,12.89,352.4527066666667
592,Ouattara,Ipswich Town,DEF,4.0,21.58,343.7995
602,Humphreys,Ipswich Town,MID,4.5,12.89,0.0
619,Palacios,Ipswich Town,MID,5.0,12.89,321.06984000000006
640,Flemming,Ipswich Town,FWD,5.5,10.0,319.34982299999996
260,Wilson,Leeds,MID,6.2,12.82,259.665315
326,Perri,Leeds,GK,4.5,21.27,0.0
327,Bijol,Leeds,DEF,5.0,21.27,337.52565000000004
329,Rodon,Leeds,DEF,4.3,21.27,0.0
330,Bogle,Leeds,DEF,4.6,21.27,381.3644425
331,Gudmundsson,Leeds,DEF,4.5,21.27,402.64405555555555
332,Justin,Leeds,DEF,4.5,21.27,358.32268500000004
333,Bornauw,Leeds,DEF,4.5,21.27,0.0
334,Muharemović,Leeds,DEF,5.0,21.27,365.34423749999996
335,Stach,Leeds,MID,6.0,12.82,325.56969900000007
336,Okafor,Leeds,MID,5.8,12.82,332.60447999999997
337,Aaronson,Leeds,MID,5.3,12.82,313.680432
338,Ampadu,Leeds,MID,5.4,12.82,332.71758
339,Longstaff,Leeds,MID,4.8,12.82,311.323077
341,Gnonto,Leeds,MID,5.0,12.82,0.0
342,Harrison,Leeds,MID,5.0,12.82,0.0
343,James,Leeds,MID,4.9,12.82,0.0
344,Gruev,Leeds,MID,5.0,12.82,343.98
345,Tanaka,Leeds,MID,4.9,12.82,325.12743900000004
346,Calvert-Lewin,Leeds,FWD,6.0,10.0,337.60350000000005
347,Nmecha,Leeds,FWD,5.4,10.0,313.680432
348,Piroe,Leeds,FWD,5.0,10.0,0.0
349,Mateo Joseph,Leeds,FWD,4.5,10.0,0.0
385,Trafford,Leeds,GK,5.0,21.27,387.097425
598,Elvedi,Leeds,DEF,4.5,21.27,354.25734750000004
603,Lienou,Leeds,DEF,4.0,21.27,337.38795000000005
604,Cresswell,Leeds,MID,4.5,12.82,309.60306
625,Cairns,Leeds,GK,4.0,21.27,357.25860000000006
629,Zetterer,Leeds,GK,4.0,21.27,357.3801
641,Bard,Leeds,DEF,4.5,21.27,339.23924999999997
648,Bahoya,Leeds,MID,5.0,12.82,259.41825
350,A.Becker,Liverpool,GK,5.5,21.27,396.04382999999996
351,Mamardashvili,Liverpool,GK,4.8,21.27,357.2343
352,Woodman,Liverpool,GK,4.0,21.27,357.453
353,Pecsi,Liverpool,GK,4.0,21.27,0.0
354,Jaros,Liverpool,GK,4.0,21.27,0.0
355,Davies,Liverpool,GK,4.0,21.27,357.25860000000006
356,Virgil,Liverpool,DEF,6.5,21.27,374.48394750000006
357,Frimpong,Liverpool,DEF,5.3,21.27,339.6315675
358,Kerkez,Liverpool,DEF,5.3,21.27,352.2367275
359,Gomez,Liverpool,DEF,4.9,21.27,374.85
360,Bradley,Liverpool,DEF,5.0,21.27,0.0
361,Lucky,Liverpool,DEF,4.0,21.27,337.38795000000005
362,Jacquet,Liverpool,DEF,5.0,21.27,410.5334722222222
363,Leoni,Liverpool,DEF,4.0,21.27,0.0
364,Tsimikas,Liverpool,DEF,4.9,21.27,339.26232749999997
365,Ramsay,Liverpool,DEF,4.0,21.27,0.0
366,Wirtz,Liverpool,MID,7.3,12.82,327.95919000000004
367,Gakpo,Liverpool,MID,7.2,12.82,0.0
368,Szoboszlai,Liverpool,MID,6.9,12.82,325.801554
369,Ngumoha,Liverpool,MID,5.7,12.82,311.386608
370,Chiesa,Liverpool,MID,5.3,12.82,85.995
371,Gravenberch,Liverpool,MID,5.8,12.82,313.80843000000004
372,Mac Allister,Liverpool,MID,5.4,12.82,321.3319200000001
373,C.Jones,Liverpool,MID,5.5,12.82,0.0
374,Endo,Liverpool,MID,4.9,12.82,344.0034
375,Nyoni,Liverpool,MID,4.8,12.82,311.30190000000005
376,Bajcetic,Liverpool,MID,5.0,12.82,0.0
377,Munoz,Liverpool,MID,6.5,12.82,313.76576400000005
378,McConnell,Liverpool,MID,4.4,12.82,309.62412000000006
379,Isak,Liverpool,FWD,9.1,10.0,0.0
380,Ekitiké,Liverpool,FWD,7.4,10.0,0.0
381,Koumas,Liverpool,MID,5.0,12.82,311.30190000000005
382,Danns,Liverpool,FWD,4.5,10.0,344.0502
383,Elliott,Liverpool,MID,5.4,12.82,0.0
579,Araujo,Liverpool,DEF,5.4,21.27,364.99735250000003
627,Barcola,Liverpool,MID,8.0,12.82,321.48480000000006
155,Enzo,Man City,MID,6.9,12.9,327.62574000000006
237,Ndiaye,Man City,MID,5.8,12.9,322.33656
384,Donnarumma,Man City,GK,5.5,21.58,378.92744999999996
386,Bettinelli,Man City,GK,4.5,21.58,357.21000000000004
387,O'Reilly,Man City,DEF,6.3,21.58,286.62230208333335
388,Guéhi,Man City,DEF,6.0,21.58,362.29214250000007
389,Matheus N.,Man City,DEF,5.9,21.58,398.02808333333337
390,Rúben,Man City,DEF,5.5,21.58,352.18887249999995
391,Gvardiol,Man City,DEF,5.7,21.58,375.44797500000004
392,Aït-Nouri,Man City,DEF,5.2,21.58,337.4568
393,Khusanov,Man City,DEF,5.4,21.58,337.66335000000004
394,Alleyne,Man City,DEF,5.0,21.58,0.0
395,Lewis,Man City,DEF,4.4,21.58,337.41089999999997
396,Vitor Reis,Man City,DEF,4.5,21.58,337.36500000000007
397,Semenyo,Man City,MID,8.4,12.9,292.61800750000003
398,Foden,Man City,MID,6.9,12.9,0.0
399,Cherki,Man City,MID,7.8,12.9,333.1165500000001
400,Doku,Man City,MID,7.4,12.9,346.05571
402,Rodrigo,Man City,MID,6.5,12.9,0.0
404,Reijnders,Man City,MID,6.0,12.9,0.0
406,Kovačić,Man City,MID,5.3,12.9,309.60306
407,Echeverri,Man City,MID,4.9,12.9,0.0
408,Phillips,Man City,MID,5.0,12.9,0.0
409,Mukasa,Man City,MID,4.5,12.9,0.0
410,Monga,Man City,MID,4.9,12.9,0.0
411,Haaland,Man City,FWD,15.6,10.0,352.053
481,Anderson,Man City,MID,6.3,12.9,359.5580733333333
587,Rulli,Man City,GK,5.0,21.58,357.21000000000004
616,Bouaddi,Man City,MID,5.5,12.9,309.62412000000006
621,McAidoo,Man City,MID,4.4,12.9,309.60306
622,Braithwaite,Man City,DEF,4.0,21.58,337.41089999999997
628,Allan,Man City,MID,6.0,12.9,309.582
653,Samba,Man City,MID,4.5,12.9,309.582
43,Tielemans,Man Utd,MID,5.8,12.9,357.0597333333333
131,Baleba,Man Utd,MID,4.9,12.9,344.0034
162,Andrey Santos,Man Utd,MID,4.8,12.9,309.6873
325,Darlow,Man Utd,GK,4.5,21.58,297.67499999999995
412,Lammens,Man Utd,GK,4.9,21.58,372.7836
413,Bayindir,Man Utd,GK,4.5,21.58,0.0
414,Heaton,Man Utd,GK,4.0,21.58,0.0
415,Dorgu,Man Utd,MID,5.8,12.9,0.0
416,De Ligt,Man Utd,DEF,4.9,21.58,0.0
417,Dalot,Man Utd,DEF,4.9,21.58,345.86278999999996
418,Maguire,Man Utd,DEF,4.8,21.58,345.43575
419,Martinez,Man Utd,DEF,4.9,21.58,380.04496388888896
420,Yoro,Man Utd,DEF,4.8,21.58,337.4568
421,Heaven,Man Utd,DEF,4.3,21.58,337.43385
422,Mazraoui,Man Utd,DEF,4.4,21.58,281.233125
423,Shaw,Man Utd,DEF,4.3,21.58,381.49147500000004
424,Amass,Man Utd,DEF,4.0,21.58,337.41089999999997
425,Fredricson,Man Utd,DEF,4.0,21.58,0.0
426,B.Fernandes,Man Utd,MID,11.9,12.9,325.10095799999993
427,Mbeumo,Man Utd,MID,7.9,12.9,321.32673299999993
428,Cunha,Man Utd,MID,7.9,12.9,333.89382
429,Rashford,Man Utd,MID,6.9,12.9,264.4293925
430,Mount,Man Utd,MID,5.4,12.9,345.891
431,Amad,Man Utd,MID,5.7,12.9,0.0
432,Mainoo,Man Utd,MID,5.5,12.9,271.142235
433,Ugarte,Man Utd,MID,5.0,12.9,0.0
434,J.Fletcher,Man Utd,MID,4.9,12.9,309.582
435,Lacey,Man Utd,MID,4.9,12.9,309.60306
436,Collyer,Man Utd,MID,5.0,12.9,0.0
437,Bendito Mantato,Man Utd,MID,4.4,12.9,309.62412000000006
438,Fletcher,Man Utd,MID,4.4,12.9,309.64518000000004
439,Šeško,Man Utd,FWD,7.0,10.0,0.0
440,Zirkzee,Man Utd,FWD,5.3,10.0,313.680432
441,Obi,Man Utd,FWD,4.5,10.0,0.0
405,N.Gonzalez,Newcastle,MID,5.5,12.94,345.93806
442,Pope,Newcastle,GK,4.9,21.74,357.42870000000005
443,Gillespie,Newcastle,GK,4.5,21.74,357.21000000000004
444,Jaouen,Newcastle,GK,4.4,21.74,0.0
445,Thiaw,Newcastle,DEF,5.0,21.74,350.40740000000005
446,Schär,Newcastle,DEF,4.9,21.74,376.9837833333333
447,Botman,Newcastle,DEF,5.0,21.74,350.0504
448,Burn,Newcastle,DEF,4.8,21.74,0.0
449,Hall,Newcastle,DEF,5.3,21.74,369.53163499999994
450,Livramento,Newcastle,DEF,4.9,21.74,190.90881944444445
451,A.Murphy,Newcastle,DEF,4.0,21.74,0.0
453,Barnes,Newcastle,MID,6.1,12.94,332.706855
454,Elanga,Newcastle,MID,6.1,12.94,0.0
456,J.Ramsey,Newcastle,MID,4.8,12.94,0.0
457,J.Murphy,Newcastle,MID,5.9,12.94,311.323077
458,Joelinton,Newcastle,MID,5.4,12.94,257.98499999999996
459,L.Miley,Newcastle,MID,5.5,12.94,264.21372249999996
460,Willock,Newcastle,MID,5.0,12.94,330.92911799999996
461,Touré,Newcastle,MID,5.8,12.94,322.7898570000001
462,Steur,Newcastle,MID,4.9,12.94,319.34982299999996
463,Woltemade,Newcastle,FWD,5.9,10.0,0.0
464,Wissa,Newcastle,FWD,6.2,10.0,317.7123690000001
465,Osula,Newcastle,FWD,5.8,10.0,172.0251
466,Neave,Newcastle,FWD,4.5,10.0,0.0
559,Bamba,Newcastle,MID,4.9,12.94,313.61643300000003
567,Horníček,Newcastle,GK,5.0,21.74,366.20766
593,Dedić,Newcastle,DEF,4.5,21.74,187.6035
609,Shahar,Newcastle,DEF,4.0,21.74,0.0
634,Fernandez-Pardo,Newcastle,FWD,6.0,10.0,315.33645
659,Miley,Newcastle,MID,4.5,12.94,309.582
663,Pivas,Newcastle,DEF,4.0,21.74,337.36500000000007
664,Salia,Newcastle,FWD,4.5,10.0,309.62412000000006
665,Mills,Newcastle,MID,4.5,12.94,309.582
666,Thompson,Newcastle,MID,4.5,12.94,309.582
167,Delap,Nott'm Forest,FWD,5.6,10.0,321.57216000000005
201,Muñoz,Nott'm Forest,DEF,5.4,21.42,346.7793875
467,Sels,Nott'm Forest,GK,5.0,21.42,368.831475
468,John,Nott'm Forest,GK,4.5,21.42,357.2343
469,N.Williams,Nott'm Forest,DEF,5.0,21.42,192.87718333333333
470,Morato,Nott'm Forest,DEF,5.0,21.42,0.0
471,Milenković,Nott'm Forest,DEF,5.4,21.42,0.0
472,Murillo,Nott'm Forest,DEF,5.5,21.42,398.3527833333334
473,Aina,Nott'm Forest,DEF,4.4,21.42,342.2264475
474,Jair Cunha,Nott'm Forest,DEF,4.5,21.42,376.9837833333333
475,Savona,Nott'm Forest,DEF,4.5,21.42,0.0
476,O.Richards,Nott'm Forest,DEF,4.0,21.42,337.41089999999997
477,Abbott,Nott'm Forest,DEF,4.0,21.42,0.0
478,Netz,Nott'm Forest,DEF,4.4,21.42,339.23924999999997
479,Bindon,Nott'm Forest,DEF,4.0,21.42,0.0
480,Gibbs-White,Nott'm Forest,MID,8.0,12.86,368.9489700000001
482,Hudson-Odoi,Nott'm Forest,MID,5.8,12.86,344.0034
483,Ndoye,Nott'm Forest,MID,5.5,12.86,313.72309800000005
484,Hutchinson,Nott'm Forest,MID,5.4,12.86,0.0
485,Bakwa,Nott'm Forest,MID,5.5,12.86,0.0
486,McAtee,Nott'm Forest,MID,5.5,12.86,319.34982299999996
487,Dominguez,Nott'm Forest,MID,4.9,12.86,309.60306
488,I.Sangaré,Nott'm Forest,MID,4.8,12.86,348.53381333333334
489,Yates,Nott'm Forest,MID,4.4,12.86,344.23740000000004
490,Wood,Nott'm Forest,FWD,5.8,10.0,313.7870970000001
491,Igor Jesus,Nott'm Forest,FWD,5.8,10.0,0.0
493,Kalimuendo,Nott'm Forest,FWD,5.4,10.0,309.582
558,Schlager,Nott'm Forest,MID,5.0,12.86,319.34982299999996
581,Diomande,Nott'm Forest,DEF,5.4,21.42,349.97900000000004
590,Benda,Nott'm Forest,GK,4.5,21.42,357.2343
112,Van Hecke,Spurs,DEF,4.9,21.58,409.1667194444444
147,Tosin,Spurs,DEF,4.4,21.58,339.26232749999997
401,Marmoush,Spurs,FWD,7.0,10.0,317.5093739999999
403,Sávio,Spurs,MID,6.5,12.89,354.95382
455,Tonali,Spurs,MID,5.3,12.89,355.2193233333333
494,Vicario,Spurs,GK,4.5,21.58,0.0
495,Austin,Spurs,GK,4.0,21.58,357.453
496,Kinsky,Spurs,GK,4.5,21.58,381.0564
497,Dubravka,Spurs,GK,4.0,21.58,361.341
498,Senesi,Spurs,DEF,5.8,21.58,338.12235
499,Pedro Porro,Spurs,DEF,5.4,21.58,0.0
500,Romero,Spurs,DEF,5.0,21.58,0.0
502,Robertson,Spurs,DEF,4.4,21.58,361.06929
503,Van de Ven,Spurs,DEF,5.0,21.58,391.79951944444446
505,Spence,Spurs,DEF,4.5,21.58,0.0
506,Udogie,Spurs,DEF,4.4,21.58,374.9265
507,Phillips,Spurs,DEF,4.5,21.58,0.0
508,Davies,Spurs,DEF,3.9,21.58,337.5945000000001
509,Byfield,Spurs,DEF,4.0,21.58,337.38795000000005
510,Rowswell,Spurs,DEF,4.0,21.58,337.38795000000005
511,Souza,Spurs,DEF,4.0,21.58,0.0
512,Kudus,Spurs,MID,6.5,12.89,354.8572733333333
513,Xavi,Spurs,MID,5.9,12.89,0.0
514,Tel,Spurs,MID,5.7,12.89,311.34425400000003
515,Maddison,Spurs,MID,6.3,12.89,348.53381333333334
516,Bentancur,Spurs,MID,5.5,12.89,322.811814
517,Odobert,Spurs,MID,5.5,12.89,0.0
518,P.M.Sarr,Spurs,MID,4.9,12.89,0.0
519,Gallagher,Spurs,MID,5.3,12.89,321.09168000000005
520,Bergvall,Spurs,MID,5.3,12.89,313.61643300000003
521,Kulusevski,Spurs,MID,6.5,12.89,0.0
522,Gray,Spurs,MID,4.9,12.89,319.37154599999997
523,Moore,Spurs,MID,5.0,12.89,0.0
524,Olusesi,Spurs,MID,4.4,12.89,309.7715400000001
525,Fernandes,Spurs,MID,5.7,12.89,317.18586899999997
526,Solanke,Spurs,FWD,5.8,10.0,317.207436
527,Richarlison,Spurs,FWD,5.9,10.0,0.0
528,Scarlett,Spurs,FWD,4.5,10.0,0.0
578,Mudryk,Spurs,MID,5.3,12.89,0.0
601,Williams-Barnett,Spurs,MID,4.5,12.89,309.60306
501,Danso,Sunderland,DEF,5.0,21.58,339.28540499999997
529,Roefs,Sunderland,GK,4.9,21.58,362.406645
530,Patterson,Sunderland,GK,4.0,21.58,0.0
531,Ellborg,Sunderland,GK,4.4,21.58,357.2343
532,Ballard,Sunderland,DEF,4.9,21.58,0.0
533,Mukiele,Sunderland,DEF,5.4,21.58,375.30899999999997
534,Hume,Sunderland,DEF,4.3,21.58,339.7700325
535,Alderete,Sunderland,DEF,4.8,21.58,374.90099999999995
536,Reinildo,Sunderland,DEF,4.4,21.58,374.90099999999995
537,Seelt,Sunderland,DEF,4.5,21.58,0.0
538,Hjelde,Sunderland,DEF,4.0,21.58,0.0
539,O'Nien,Sunderland,DEF,3.9,21.58,337.96170000000006
540,Masuaku,Sunderland,DEF,4.0,21.58,0.0
541,Meunier,Sunderland,DEF,4.5,21.58,386.72974166666665
542,E.Le Fée,Sunderland,MID,5.7,12.9,320.001513
543,Diarra,Sunderland,MID,5.3,12.9,0.0
544,Xhaka,Sunderland,MID,5.5,12.9,316.0443
545,Sadiki,Sunderland,MID,4.9,12.9,317.07803399999995
546,Adingra,Sunderland,MID,4.9,12.9,0.0
547,Mundle,Sunderland,MID,4.8,12.9,0.0
548,Rigg,Sunderland,MID,4.9,12.9,309.582
549,Talbi,Sunderland,MID,5.3,12.9,309.60306
550,Jocelin.T,Sunderland,MID,4.9,12.9,309.582
551,N.Angulo,Sunderland,MID,5.0,12.9,321.06984000000006
552,Brobbey,Sunderland,FWD,5.7,10.0,0.0
553,Isidor,Sunderland,FWD,5.5,10.0,313.872429
612,Methalie,Sunderland,DEF,4.5,21.58,374.85
613,Ahoka,Sunderland,MID,4.5,12.9,309.62412000000006
646,Fofana,Sunderland,MID,5.5,12.9,313.59510000000006
651,J.Angulo,Sunderland,FWD,4.5,10.0,309.75048000000004
