fpl_id,fpl_name,xg_per90,xa_per90,match_score
1,David Raya Martín,0.0,0.002464106012331812,90.0
2,Kepa Arrizabalaga Revuelta,0.0022062640036306074,0.0008354805890590914,90.0
3,Karl Hein,0.0,0.0,0.0
4,Tommy Setford,0.0,0.0,0.0
5,Gabriel dos Santos Magalhães,0.16289173300857798,0.04625214306129651,90.0
6,William Saliba,0.0945088235262424,0.02221535431140356,100.0
7,Riccardo Calafiori,0.07071866358216648,0.037023472253981275,100.0
8,Jurriën Timber,0.04838011337720952,0.04172812214077763,100.0
9,Jakub Kiwior,0.017505728600786735,0.04163279439814511,100.0
10,Myles Lewis-Skelly,0.016703723687311753,0.032768066507851794,100.0
11,Benjamin White,0.0,0.0,0.0
13,Brayden Clarke,0.0,0.0,0.0
14,Maldini Kacurri,0.0,0.0,0.0
15,Josh Nichols,0.0,0.0,0.0
16,Bukayo Saka,0.4565558544298295,0.5913419255556807,100.0
17,Martin Ødegaard,0.21648383533603555,0.30161730565903433,93.33333333333333
18,Noni Madueke,0.505253069413058,0.13296410628280197,100.0
19,Gabriel Martinelli Silva,0.3589659841223196,0.2050968489379852,95.0
20,Leandro Trossard,0.30626278105251703,0.2467518200631641,100.0
21,Declan Rice,0.11461704808517537,0.28632496119989603,100.0
22,Mikel Merino Zazón,0.39154744483955456,0.12348486507176898,90.0
23,Fábio Ferreira Vieira,0.0,0.0,0.0
24,Christian Nørgaard,0.18105746967270192,0.06010253744959208,100.0
25,Ethan Nwaneri,0.18099697781378657,0.11841445092833257,100.0
26,Martín Zubimendi Ibáñez,0.0,0.0,0.0
28,Ismeal Kabia,0.0,0.0,0.0
29,Albert Sambi Lokonga,0.0,0.0,0.0
30,Kai Havertz,0.5663594963583858,0.14116938303204926,100.0
31,Gabriel Fernando de Jesus,0.16289173300857798,0.04625214306129651,90.0
266,Eberechi Eze,0.3373532879256433,0.2397570701694183,100.0
662,Cristhian Mosquera,0.0,0.0,0.0
666,Viktor Gyökeres,0.0,0.0,0.0
700,Max Dowman,0.0,0.0,0.0
711,Andre Harriman-Annous,0.0,0.0,0.0
725,Piero Hincapié,0.0,0.0,0.0
32,Emiliano Martínez Romero,0.0,0.0,0.0
33,Marco Bizot,0.0,0.0,0.0
34,Joe Gauci,0.0,0.0,0.0
35,Filip Marschall,0.0,0.0,0.0
36,Matty Cash,0.0,0.0,0.0
37,Lucas Digne,0.029134762693787827,0.2598194916525349,100.0
38,Ezri Konsa Ngoyo,0.03384882332814251,0.012598919790763797,100.0
39,Ian Maatsen,0.0821855332258002,0.2544741568963659,100.0
40,Tyrone Mings,0.06325897030866555,0.01422470317549001,100.0
41,Pau Torres,0.017325160696117038,0.006473186184582219,100.0
42,Andrés García,0.00981378394823808,0.0744387479355702,100.0
43,Álex Moreno Lopera,0.019969997607582918,0.0990314098315005,90.0
44,Lamare Bogarde,0.012251535375996115,0.03301084275400289,100.0
45,Lino da Cruz Sousa,0.0,0.0,0.0
46,Yasin Özcan,0.0,0.0,0.0
47,Morgan Rogers,0.2317450202672282,0.22975000128178005,100.0
48,Youri Tielemans,0.1095046621413456,0.23744879105968644,100.0
49,Leon Bailey,0.22405014839023352,0.18533441034378484,100.0
50,Emiliano Buendía Stati,0.0,0.0,0.0
51,Samuel Iling-Junior,0.0,0.0,0.0
53,Donyell Malen,1.0256552107913313,0.0611811673866128,100.0
54,John McGinn,0.15197155415235916,0.1393495956920734,100.0
55,Ross Barkley,0.3835751038573726,0.17157548955867627,100.0
56,Enzo Barrenechea,0.0,0.0,0.0
57,Lewis Dobbin,0.0,0.0,0.0
58,Boubacar Kamara,0.04091553076025133,0.046517120123148785,100.0
59,Amadou Onana,0.14061884016475895,0.03728103608908979,100.0
60,Ben Broggio,0.0,0.0,0.0
61,Leander Dendoncker,0.0,0.0,0.0
62,Jamaldeen Jimoh-Aloba,0.0,0.0,0.0
63,Kadan Young,0.0,0.0,0.0
64,Ollie Watkins,0.6290027192903477,0.1308613565777668,100.0
65,Zépiqueno Redmond,0.0,0.0,0.0
389,Harvey Elliott,0.4690908677293919,0.3598238258273341,100.0
456,Jadon Sancho,0.1236186598596925,0.2206192420456897,100.0
677,Evann Guessand,0.0,0.0,0.0
688,James Wright,0.0,0.0,0.0
701,Triston Rowe,0.0,0.0,0.0
702,Bradley Burrowes,0.0,0.0,0.0
703,Sam Proctor,0.0,0.0,0.0
710,Travis Patterson,0.0,0.0,0.0
719,Victor Lindelöf,0.0,0.016240714603434254,100.0
183,Max Weiß,0.0,0.0,0.0
184,Etienne Green,0.0,0.0,0.0
185,Václav Hladký,0.0,0.0,0.0
186,Connor Roberts,0.0,0.0,0.0
187,Kyle Walker,0.010214831087399612,0.06738559773946104,100.0
188,Hannes Delcroix,0.0,0.0,0.0
189,Owen Dodgson,0.0,0.0,0.0
190,Hjalmar Ekdal,0.0,0.0,0.0
191,Maxime Estève,0.0,0.0,0.0
192,Quilindschy Hartman,0.0,0.0,0.0
193,Bashir Humphreys,0.0,0.0,0.0
194,Jordan Beyer,0.0,0.0,0.0
195,Lucas Pires Silva,0.0,0.0,0.0
196,Shurandy Sambo,0.0,0.0,0.0
197,Oliver Sonne,0.0,0.0,0.0
198,Axel Tuanzebe,0.018392829079200323,0.0325621249383409,100.0
199,Joe Worrall,0.0,0.0,0.0
200,Jaidon Anthony,0.0,0.0,0.0
201,Manuel Benson Hedilazio,0.0,0.0,0.0
202,Jacob Bruun Larsen,0.0,0.0,0.0
203,Enock Agyei,0.0,0.0,0.0
204,Darko Churlinov,0.0,0.0,0.0
205,Josh Cullen,0.0,0.0,0.0
206,Marcus Edwards,0.0,0.0,0.0
207,Hannibal Mejbri,0.0,0.0,0.0
208,Luca Koleosho,0.0,0.0,0.0
209,Josh Laurent,0.0,0.0,0.0
210,Loum Tchaouna,0.0,0.0,0.0
211,Aaron Ramsey,0.0,0.0,0.0
212,Oluwaseun Adewumi,0.0,0.0,0.0
213,Jaydon Banel,0.0,0.0,0.0
214,Mike Trésor Ndayishimiye,0.0,0.0,0.0
215,Zian Flemming,0.0,0.0,0.0
216,Zeki Amdouni,0.0,0.0,0.0
217,Lyle Foster,0.0,0.0,0.0
218,Ashley Barnes,0.0,0.0,0.0
219,Michael Obafemi,0.0,0.0,0.0
470,Martin Dúbravka,0.0,0.0,93.33333333333333
676,Lesley Ugochukwu,0.0,0.0,0.0
680,Armando Broja,0.029941334798457515,0.05009551633410393,100.0
722,Florentino Ibrain Morris Luís,0.0,0.0,0.0
66,Norberto Murara Neto,0.0,0.0,90.0
67,Đorđe Petrović,0.0,0.0,0.0
68,Will Dennis,0.0,0.0,0.0
69,Callan McKenna,0.0,0.0,0.0
70,Alex Paulsen,0.0,0.0,0.0
71,Illia Zabarnyi,0.03897969598137081,0.027784938142134,100.0
72,Marcos Senesi Barón,0.052468267268598774,0.019199477396938773,95.0
73,Adam Smith,0.018062408566474914,0.02454034855732551,100.0
74,Adrien Truffert,0.0,0.0,0.0
75,Matai Akinmboni,0.0,0.0,0.0
76,Owen Bevan,0.0,0.0,0.0
77,James Hill,0.038223476210145456,0.06761319988191648,100.0
78,Julián Araujo Zúñiga,0.0,0.01139957352631515,90.0
79,Chris Mepham,0.0,0.0,0.0
80,Julio Soler Barreto,0.0,0.0,0.0
81,Justin Kluivert,0.39319870205572705,0.20759859861159174,100.0
82,Antoine Semenyo,0.406785078645308,0.18477522848800645,100.0
84,Marcus Tavernier,0.2989812500369518,0.2425756075279546,100.0
85,Tyler Adams,0.06444431124752714,0.06901807070688437,100.0
86,David Brooks,0.27579842910584035,0.1704571162735131,100.0
87,Ryan Christie,0.06805175490850626,0.15988257871290973,100.0
88,Lewis Cook,0.029131814367103447,0.13857706286053156,100.0
89,Philip Billing,0.0,0.0,0.0
90,Alex Scott,0.0824628032485501,0.1432341615076991,100.0
91,Luis Sinisterra Lucumí,0.701667133685016,0.7179367597050527,95.0
92,Romain Faivre,0.0,0.0,0.0
93,Hamed Traorè,0.0,0.0,0.0
94,Dominic Sadi,0.0,0.0,0.0
95,Zain Silcott-Duberry,0.0,0.0,0.0
96,Ben Winterburn,0.0,0.0,0.0
97,Francisco Evanilson de Lima Barbosa,0.5194799265485596,0.07254487774899286,90.0
98,Enes Ünal,0.6216758928478581,0.16802707444621276,100.0
99,Daniel Adu-Adjei,0.0,0.0,0.0
100,Eli Junior Kroupi,0.0,0.0,0.0
391,Ben Gannon-Doak,0.0,0.0,0.0
685,Bafodé Diakité,0.0,0.0,0.0
687,Remy Rees-Dottin,0.0,0.0,0.0
697,Amine Adli,0.0,0.0,0.0
713,Álex Jiménez Sánchez,0.0,0.0,0.0
721,Veljko Milosavljevic,0.0,0.0,0.0
27,Reiss Nelson,0.25995931396537786,0.2072465601102155,100.0
83,Dango Ouattara,0.48883816374440836,0.26778709690257263,100.0
101,Caoimhín Kelleher,0.0,0.0,94.11764705882352
102,Ellery Balcombe,0.0,0.0,0.0
103,Matthew Cox,0.0,0.0,0.0
104,Julian Eyestone,0.0,0.0,0.0
105,Hákon Rafn Valdimarsson,0.0,0.0,0.0
106,Nathan Collins,0.06985264666084397,0.05193048999889901,100.0
107,Keane Lewis-Potter,0.09363928732721902,0.09596013225774458,100.0
108,Kristoffer Ajer,0.0709111034998606,0.09139128864967618,100.0
109,Rico Henry,0.0,0.0,0.0
110,Michael Kayode,0.030924796040189335,0.16760200884129564,100.0
111,Ethan Pinnock,0.044134134683898305,0.07109078418884318,100.0
112,Mads Roerslev Rasmussen,0.018512981437125948,0.23275655957562047,90.0
113,Sepp van den Berg,0.07428885741784974,0.03561833005779345,100.0
114,Benjamin Arthur,0.0,0.0,0.0
115,Benjamin Fredrick,0.0,0.0,0.0
116,Aaron Hickey,0.0,0.0,0.0
117,Kim Ji-soo,0.0,0.0,0.0
118,Jayden Meghoma,0.0,0.0,0.0
120,Kevin Schade,0.3654029987126231,0.14335636599436657,100.0
121,Mikkel Damsgaard,0.10507219519198462,0.27943692261089187,100.0
122,Antoni Milambo,0.0,0.0,0.0
123,Fábio Freitas Gouveia Carvalho,0.0,0.0,0.0
124,Jordan Henderson,0.0002875702308588906,0.0027860649126140694,86.66666666666667
125,Vitaly Janelt,0.036962412368899265,0.09218218548306682,100.0
126,Mathias Jensen,0.02960090228653216,0.2184137910768226,100.0
127,Gustavo Nunes Fernandes Gomes,0.0,0.0,0.0
128,Frank Onyeka,0.0,0.0,0.0
129,Yehor Yarmoliuk,0.050075809960648164,0.06518580311498905,93.33333333333333
130,Romelle Donovan,0.0,0.0,0.0
131,Yunus Emre Konak,0.0,0.0,0.0
132,Paris Maghoma,0.0,0.0,0.0
133,Myles Peart-Harris,0.0,0.0,0.0
134,Ryan Trevitt,0.0,0.0,0.0
136,Igor Thiago Nascimento Rodrigues,0.0,0.0,0.0
137,Iwan Morgan,0.0,0.0,0.0
138,Jason Steele,0.0,0.0,100.0
139,Bart Verbruggen,0.0,0.0014750521837009324,100.0
140,Tom McGill,0.0,0.0,0.0
141,Carl Rushworth,0.0,0.0,0.0
142,Kjell Scherpen,0.0,0.0,0.0
143,Olivier Boscagli,0.0,0.0,0.0
144,Diego Coppola,0.0,0.0,0.0
145,Maxim De Cuyper,0.0,0.0,0.0
146,Lewis Dunk,0.04783123290766275,0.022329446464862835,100.0
147,Pervis Estupiñán Tenorio,0.04935581119306472,0.08688596311256215,90.0
148,Ferdi Kadıoğlu,0.0,0.0,0.0
150,Tariq Lamptey,0.035083616280864025,0.0927488427480747,100.0
151,Jan Paul van Hecke,0.030391285910317013,0.04736088371001169,100.0
152,Joël Veltman,0.04188520511092842,0.03973677789177333,100.0
153,Adam Webster,0.03815570761248268,0.038705743673081335,100.0
154,Eiran Cashin,0.0,0.0,0.0
155,Jacob Slater,0.0,0.0,0.0
156,Charlie Tasker,0.0,0.0,0.0
157,Mitoma Kaoru,0.3527770426547143,0.17079311662262156,95.0
158,Georginio Rutter,0.3043093259749738,0.16790960983613407,100.0
159,Solly March,0.0,0.0,0.0
160,Yankuba Minteh,0.2785400628807698,0.2393368728139629,100.0
161,Julio Enciso Espínola,0.21113362037321579,0.1716488747130314,90.0
162,Brajan Gruda,0.13334783088219793,0.29903868752482693,100.0
163,Jack Hinshelwood,0.1576949072992715,0.06887495929980124,100.0
164,Matt O'Riley,0.0,0.0,0.0
165,Abdallah Sima,0.0,0.0,0.0
166,Yasin Ayari,0.10171282222446434,0.14178547660547433,100.0
167,Carlos Baleba,0.09548123761049013,0.05392507314380364,100.0
169,Diego Gómez Amarilla,0.16213411201380606,0.29239693151698953,90.0
170,James Milner,0.0,0.0,0.0
171,Jeremy Sarmiento Morante,0.0,0.0,0.0
172,Tom Watson,0.0,0.0,0.0
173,Mats Wieffer,0.10013904971134686,0.09719121334923483,100.0
174,Malick Yalcouyé,0.0,0.0,0.0
175,Joe Knight,0.0,0.0,0.0
176,Adrian Mazilu,0.0,0.0,0.0
177,Andrew Moran,0.0,0.0,0.0
178,Danny Welbeck,0.4372874616738755,0.08685483225036177,100.0
179,Evan Ferguson,0.3909549534408228,0.20927393694252563,100.0
180,Stefanos Tzimas,0.0,0.0,0.0
181,Charalampos Kostoulas,0.0,0.0,0.0
168,Facundo Buonanotte,0.2620066905292236,0.2014317035113022,100.0
220,Robert Lynch Sánchez,0.0,0.0005058759707026184,95.0
221,Filip Jörgensen,0.0,0.0,93.33333333333333
222,Mike Penders,0.0,0.0,0.0
223,Gabriel Słonina,0.16289173300857798,0.04625214306129651,90.0
224,Marc Cucurella Saseta,0.09466159168608532,0.05413022656328307,90.0
225,Reece James,0.04922612933284145,0.11220445098765826,100.0
226,Trevoh Chalobah,0.11566285497639975,0.0976689245816709,100.0
227,Levi Samuels Colwill,0.0,0.0,0.0
228,Malo Gusto,0.07620203038181003,0.06577592595430726,100.0
229,Benoît Badiashile Mukinayi,0.0,0.0,96.15384615384616
230,Wesley Fofana,0.015459606258336131,0.03971220050382134,100.0
231,Mamadou Sarr,0.0,0.0,0.0
232,Tosin Adarabioyo,0.07570080330317959,0.02132802963890928,100.0
233,Josh Acheampong,0.0,0.0,0.0
234,Aarón Anselmino,0.0,0.0,0.0
235,Cole Palmer,0.4398021315567223,0.36118121956194643,100.0
236,Pedro Lomba Neto,0.0,0.0,90.0
237,Enzo Fernández,0.18768768577080566,0.23678198611298534,100.0
238,Estêvão Almeida de Oliveira Gonçalves,0.0,0.0,0.0
239,Jamie Bynoe-Gittens,0.0,0.0,0.0
240,Christopher Nkunku,0.5153909678186941,0.20640866041760508,100.0
241,Moisés Caicedo Corozo,0.01839668108208209,0.07786009642489736,90.0
243,Tyrique George,0.0,0.0,0.0
244,Roméo Lavia,0.015880264072533117,0.07842318154871464,90.9090909090909
245,Mykhailo Mudryk,0.0,0.0,0.0
246,Andrey Nascimento dos Santos,0.0,0.0,0.0
247,Dário Luís Essugo,0.0,0.0,0.0
248,Kendry Páez Andrade,0.0,0.0,0.0
249,João Pedro Junqueira de Jesus,0.4039111079011537,0.25603378514134434,90.0
250,Liam Delap,0.402017365074122,0.09382287250257797,100.0
251,Nicolas Jackson,0.5427490757922817,0.13623179928760948,100.0
252,Marc Guiu Paz,0.0,0.0,0.0
453,Alejandro Garnacho Ferreyra,0.3904331670320757,0.14341721110908753,90.0
672,Jorrel Hato,0.0,0.0,0.0
253,Dean Henderson,0.0002875702308588906,0.0027860649126140694,100.0
254,Walter Benítez,0.0,0.0,0.0
255,Remi Matthews,0.0,0.0,0.0
256,Daniel Muñoz Mejía,0.16102482903959356,0.16522130600079216,90.0
257,Maxence Lacroix,0.07924664425064815,0.04860307506487603,100.0
258,Tyrick Mitchell,0.04083007685923416,0.2043665449320318,100.0
259,Borna Sosa,0.0,0.0,0.0
260,Marc Guéhi,0.08708369392244254,0.06279147295829128,90.0
261,Chris Richards,0.0792766403842282,0.005343009734695608,100.0
262,Chadi Riad Dnanou,0.0,0.0,0.0
263,Nathaniel Clyne,0.004361957508307066,0.030070071727592754,100.0
264,Rob Holding,0.0,0.0,0.0
265,Caleb Kporha,0.0,0.0,0.0
267,Ismaïla Sarr,0.404591066307008,0.3305658951899686,91.66666666666666
268,Cheick Doucouré,0.0,0.0,0.0
269,Romain Esse,0.0,0.0,0.0
270,Will Hughes,0.0384387542338421,0.14016988097379604,100.0
271,Daichi Kamada,0.05757635140934254,0.10798021474000515,100.0
272,Jefferson Lerma Solís,0.0355648248896278,0.054944933387192856,95.0
273,Adam Wharton,0.022601660406502574,0.22567121310629057,100.0
274,Asher Agbinone,0.0,0.0,0.0
275,Naouirou Ahamada,0.0,0.0,0.0
276,Justin Devenny,0.21874925034846796,0.120793703146342,100.0
277,Malcolm Ebiowei,0.0,0.0,0.0
278,Jesurun Rak-Sakyi,0.0,0.0,0.0
279,Matheus França de Oliveira,0.0,0.0,0.0
280,David Ozoh,0.0,0.0,0.0
281,Kaden Rodney,0.0,0.0,0.0
282,Franco Umeh-Chibueze,0.0,0.0,0.0
283,Jean-Philippe Mateta,0.5297160548777717,0.12890359199152338,100.0
284,Eddie Nketiah,0.65427083476651,0.12675286997563956,100.0
285,Odsonne Édouard,0.0,0.0,0.0
286,Zach Marsh,0.0,0.0,0.0
690,Rio Cardines,0.0,0.0,0.0
712,Yéremy Pino Santos,0.0,0.0,0.0
723,Jaydee Canvot,0.0,0.0,0.0
732,Christantus Uche,0.0,0.0,0.0
242,Kiernan Dewsbury-Hall,0.034398267475458294,0.3098725785429661,100.0
287,Jordan Pickford,0.0,0.007372137649278892,100.0
288,Mark Travers,0.0,0.0,100.0
289,Harry Tyrer,0.0,0.0,0.0
290,Jarrad Branthwaite,0.049531817870340736,0.023408047417067437,100.0
291,James Tarkowski,0.03894489091901861,0.08604228240326403,100.0
292,Vitalii Mykolenko,0.017548752624112842,0.08831471778343716,100.0
293,Jake O'Brien,0.0,0.0,0.0
294,Séamus Coleman,0.20079711793174207,0.0,92.85714285714286
295,Michael Keane,0.09721134906261446,0.010668370633431614,100.0
296,Nathan Patterson,0.019274703395294853,0.11399719146001769,100.0
297,Roman Dixon,0.0,0.0,0.0
298,Reece Welch,0.0,0.0,0.0
299,Iliman Ndiaye,0.25768295255180707,0.06932352166667977,100.0
300,Dwight McNeil,0.09905644175982892,0.3956093138396968,100.0
301,Carlos Alcaraz Durán,0.1984304903572299,0.2735478108919474,95.0
302,Idrissa Gana Gueye,0.030314194535818493,0.07037495445568584,95.0
303,James Garner,0.033696746419945585,0.06822283081106112,100.0
304,Tim Iroegbunam,0.03521051516452381,0.02961210207576823,100.0
305,Harrison Armstrong,0.0,0.0,0.0
306,Callum Bates,0.0,0.0,0.0
307,Coby Ebere,0.0,0.0,0.0
308,Isaac Heath,0.0,0.0,0.0
309,Jenson Metcalfe,0.0,0.0,0.0
310,Thierno Barry,0.0,0.0,0.0
311,Norberto Bercique Gomes Betuncal,0.0,0.0,0.0
312,Youssef Ramalho Chermiti,0.0,0.0,0.0
313,Martin Sherif,0.0,0.0,0.0
419,Jack Grealish,0.16604321985809653,0.25021670644370236,100.0
630,Tom King,0.0,0.0,0.0
667,Adam Aznou,0.0,0.0,0.0
704,Tyler Onyango,0.0,0.0,0.0
705,Elijah Campbell,0.0,0.0,0.0
707,Tyler Dibling,0.14960175323029679,0.09579127867736162,100.0
728,Merlin Röhl,0.0,0.0,0.0
314,Bernd Leno,0.0,0.008393250405788422,100.0
315,Steven Benda,0.0,0.0,0.0
316,Antonee Robinson,0.029958970762379775,0.12520552179243696,100.0
317,Joachim Andersen,0.02975057387659138,0.009427220582171906,100.0
318,Calvin Bassey,0.03274149436947482,0.0033126038488262566,100.0
319,Timothy Castagne,0.019950768209137503,0.04836544644066946,100.0
320,Issa Diop,0.03277957942840215,0.009668786456254687,100.0
321,Jorge Cuenca Barreno,0.004089398161423477,0.0,90.0
322,Kenny Tete,0.08021312882322505,0.033940037254597884,100.0
323,Samuel Amissah,0.0,0.0,0.0
324,Alex Iwobi,0.14950025814369425,0.2518374214655579,100.0
325,Emile Smith Rowe,0.2253931327796107,0.10429812298253398,100.0
326,Adama Traoré Diarra,0.28919554180648094,0.3283398407725601,90.0
327,Andreas Hoelgebaum Pereira,0.0,0.0,0.0
328,Ryan Sessegnon,0.38778758666012436,0.20533082890324295,100.0
329,Harry Wilson,0.2821858804510987,0.11427613978638597,100.0
330,Sander Berge,0.017102258396231095,0.029151624194898848,100.0
331,Tom Cairney,0.1261978603663369,0.2577443676508806,100.0
332,Saša Lukić,0.0,0.0,0.0
333,Martial Godo,0.0,0.0,0.0
334,Luke Harris,0.0,0.0,0.0
335,Josh King,0.0,0.0,0.0
336,Harrison Reed,0.0,0.0,0.0
337,Raúl Jiménez Rodríguez,0.5122411087359932,0.14505188412455078,90.0
338,Rodrigo Muniz Carvalho,0.6675151631098701,0.07623724283856581,90.0
664,Benjamin Lecomte,0.0,0.0,0.0
727,Samuel Chukwueze,0.0,0.0,0.0
731,Kevin Santos Lopes de Macedo,0.0,0.0,0.0
737,Jonah Kusi-Asare,0.0,0.0,0.0
339,Illan Meslier,0.0,0.0,0.0
340,Alex Cairns,0.0,0.0,0.0
341,Karl Darlow,0.0,0.0,0.0
342,Jayden Bogle,0.0,0.0,0.0
343,Pascal Struijk,0.0,0.0,0.0
344,Jaka Bijol,0.0,0.0,0.0
345,Sebastiaan Bornauw,0.0,0.0,0.0
346,Sam Byram,0.0,0.0,0.0
347,Gabriel Gudmundsson,0.16289173300857798,0.04625214306129651,90.0
348,Joe Rodon,0.0,0.0,0.0
349,Isaac Schmidt,0.0,0.0,0.0
350,Brenden Aaronson,0.0,0.0,0.0
351,Wilfried Gnonto,0.0,0.0,0.0
352,Jack Harrison,0.14454011315325688,0.1562798998852949,100.0
353,Daniel James,0.0,0.0,0.0
354,Ethan Ampadu,0.0,0.0,0.0
355,Sam Greenwood,0.0,0.0,0.0
356,Ilia Gruev,0.0,0.0,0.0
357,Largie Ramazani,0.0,0.0,0.0
358,Tanaka Ao,0.0,0.0,0.0
359,Charlie Crew,0.0,0.0,0.0
360,Joe Gelhardt,0.0,0.0,0.0
361,Darko Gyabi,0.0,0.0,0.0
362,Joël Piroe,0.0,0.0,0.0
363,Patrick Bamford,0.0,0.0,0.0
364,Mateo Joseph Fernández-Regatillo,0.0,0.0,0.0
365,Lukas Nmecha,0.0,0.0,0.0
493,Sean Longstaff,0.04827060409892832,0.024775945284160585,100.0
660,Anton Stach,0.0,0.0,0.0
665,Lucas Estella Perri,0.0,0.0,0.0
691,Dominic Calvert-Lewin,0.4754488829007515,0.04102060909454639,100.0
698,Noah Okafor,0.0,0.0,0.0
706,James Justin,0.06271644743716875,0.029439012043414006,100.0
366,Alisson Becker,0.0,0.017853163476485932,90.0
367,Giorgi Mamardashvili,0.0,0.0,0.0
368,Ármin Pécsi,0.0,0.0,0.0
369,Freddie Woodman,0.0,0.0,0.0
370,Jeremie Frimpong,0.0,0.0,0.0
371,Milos Kerkez,0.01991793681873243,0.13167422600855747,100.0
372,Andrew Robertson,0.056116919310289476,0.17496739450748677,100.0
373,Virgil van Dijk,0.07625533192343004,0.03279878951709818,100.0
374,Ibrahima Konaté,0.06482945136650761,0.03587195160600037,100.0
375,Conor Bradley,0.138852279683899,0.23432510072345158,100.0
376,Joe Gomez,0.0,0.0,0.0
377,Konstantinos Tsimikas,0.061998006652344714,0.2854854593073929,100.0
378,Amara Nallo,0.0,0.0,0.0
379,Rhys Williams,0.0,0.0,0.0
380,Calvin Ramsay,0.0,0.0,0.0
381,Mohamed Salah,0.7351309180980161,0.42076948020862026,100.0
382,Florian Wirtz,0.0,0.0,0.0
383,Luis Díaz Marulanda,0.45707755291469293,0.23101795024930988,90.0
384,Cody Gakpo,0.3929512308541742,0.2858621546440772,100.0
385,Federico Chiesa,0.0,0.0,0.0
386,Alexis Mac Allister,0.12253312329352697,0.16796884543764504,100.0
387,Dominik Szoboszlai,0.2504053209590718,0.2807692082176586,100.0
388,Curtis Jones,0.23928230404073653,0.09165310749481798,100.0
390,Ryan Gravenberch,0.03747121438793966,0.06795503289641701,100.0
392,Endo Wataru,0.0,0.02669649511839436,95.0
393,Stefan Bajčetić Maquieira,0.0,0.0,0.0
394,James McConnell,0.0,0.0,0.0
395,Tyler Morton,0.0,0.0,0.0
396,Trey Nyoni,0.0,0.0,0.0
397,Darwin Núñez Ribeiro,0.5803199312406411,0.1462699718071398,90.0
398,Jayden Danns,0.0,0.0,0.0
499,Alexander Isak,0.713015211261624,0.17377155971885636,100.0
661,Hugo Ekitiké,0.0,0.0,0.0
686,Rio Ngumoha,0.0,0.0,0.0
692,Giovanni Leoni,0.0,0.0,0.0
182,James Trafford,0.0,0.0,0.0
399,Ederson Santana de Moraes,0.0,0.046184591743806555,90.0
400,Stefan Ortega Moreno,0.0,0.0,100.0
401,Marcus Bettinelli,0.0,0.0,0.0
402,Rayan Aït-Nouri,0.10224000715984488,0.1545560009390959,93.33333333333333
403,Joško Gvardiol,0.12653911480015648,0.05671045077617371,92.85714285714286
404,Manuel Akanji,0.045061300281965325,0.018949842179285515,100.0
405,Nathan Aké,0.03182456779636835,0.0021085442092857866,100.0
406,Abdukodir Khusanov,0.002765057336082572,0.01880584849714644,94.44444444444444
407,Matheus Nunes,0.0640068663695011,0.2124335541230116,100.0
408,Rúben dos Santos Gato Alves Dias,0.0,0.0,0.0
409,John Stones,0.11128897735493082,0.013988546073326153,100.0
410,Rico Lewis,0.07763258057694904,0.016383369949010566,100.0
411,Nico O'Reilly,0.0,0.0,0.0
412,Vitor de Oliveira Nunes dos Reis,0.0,0.0,0.0
413,Omar Marmoush,0.425506317372352,0.20160277868975654,100.0
414,Phil Foden,0.31444497842152236,0.27367549118096546,100.0
415,Sávio Moreira de Oliveira,0.262200037748664,0.3470402431034631,90.0
416,Bernardo Mota Veiga de Carvalho e Silva,0.0,0.0,0.0
417,Rayan Cherki,0.0,0.0,0.0
418,Jérémy Doku,0.11231892156919,0.2754798620431261,90.9090909090909
420,İlkay Gündoğan,0.1382352539735998,0.14796439956511312,89.65517241379311
421,Rodrigo 'Rodri' Hernandez Cascante,0.0,0.0,0.0
422,Mateo Kovačić,0.0,0.0,0.0
423,Nico González Iglesias,0.09613800245049413,0.009569794794415868,90.0
424,Oscar Bobb,0.0,0.0,0.0
425,Claudio Echeverri,0.0,0.0,0.0
427,Tijjani Reijnders,0.0,0.0,0.0
428,Sverre Nypan,0.0,0.0,0.0
429,Kalvin Phillips,0.03314982888340329,0.023322953157718408,100.0
430,Erling Haaland,0.7842536756979548,0.11724643943517608,100.0
736,Gianluigi Donnarumma,0.0,0.0,0.0
119,Bryan Mbeumo,0.3588460169080999,0.2731453592317796,100.0
431,Altay Bayındır,0.0,0.0,0.0
432,André Onana,0.0,0.009255470598445219,100.0
433,Elyh Harrison,0.0,0.0,0.0
434,Tom Heaton,0.0,0.0,0.0
435,Dermot Mee,0.0,0.0,0.0
436,Matthijs de Ligt,0.12072774433278136,0.01181686205710278,100.0
437,Lisandro Martínez,0.08615450128050316,0.06934424045111953,100.0
438,Noussair Mazraoui,0.025445375907021815,0.04887055496710098,100.0
439,Diego León Blanco,0.0,0.0,0.0
440,Diogo Dalot Teixeira,0.054206829617121505,0.08227500656156812,90.0
441,Patrick Dorgu,0.04214153548841799,0.10344752021054356,100.0
442,Harry Maguire,0.1203218606389957,0.04781630674810851,100.0
443,Luke Shaw,0.008022659564052115,0.1433116239918904,100.0
444,Leny Yoro,0.08795194793492556,0.00420473312260583,100.0
445,Harry Amass,0.02326624768568734,0.012751723121669176,100.0
446,Tyler Fredricson,0.0,0.0,0.0
447,Ayden Heaven,0.0,0.0,0.0
448,Tyrell Malacia,0.0,0.0,0.0
449,Bruno Borges Fernandes,0.29330972423709456,0.3033874324543172,95.0
450,Matheus Santos Carneiro da Cunha,0.0,0.0,0.0
451,Marcus Rashford,0.3127135063557259,0.2965858043382392,100.0
452,Amad Diallo,0.22635158451958096,0.22683230745465466,90.0
454,Antony dos Santos,0.0,0.0,0.0
455,Mason Mount,0.4226087000125799,0.048243910752641506,100.0
457,Carlos Henrique Casimiro,0.0,0.0,0.0
458,Kobbie Mainoo,0.040381713949862015,0.11089993715959501,100.0
459,Manuel Ugarte Ribeiro,0.05431198661776878,0.08071475429201992,90.0
460,Toby Collyer,0.0,0.0,0.0
461,Jayce Fitzgerald,0.0,0.0,0.0
462,Jack Fletcher,0.0,0.0,0.0
463,Sékou Koné,0.0,0.0,0.0
464,Jack Moorhouse,0.0,0.0,0.0
465,Rasmus Højlund,0.2597759720158037,0.09485007589132942,100.0
466,Joshua Zirkzee,0.34082336989278716,0.1312613866260851,100.0
467,Chido Obi,0.0,0.0,0.0
468,Ethan Wheatley,0.0,0.0,0.0
681,Benjamin Sesko,0.0,0.0,0.0
733,Senne Lammens,0.0,0.0,0.0
52,Jacob Ramsey,0.07859670320475423,0.15628222038818373,100.0
135,Yoane Wissa,0.6339773556234639,0.10548850504356785,100.0
469,Nick Pope,0.0,0.0027529291276420865,100.0
471,Mark Gillespie,0.0,0.0,0.0
472,Odysseas Vlachodimos,0.0,0.0,0.0
473,Lewis Hall,0.02194301662119952,0.1616352420130914,100.0
474,Fabian Schär,0.1287634738063512,0.011988236411006131,100.0
475,Sven Botman,0.1690321471014956,0.13886746467214148,100.0
476,Dan Burn,0.06957775417312577,0.03145065843253522,100.0
477,Tino Livramento,0.0,0.0,0.0
478,Kieran Trippier,0.010838356781196812,0.12397366392615868,100.0
479,Emil Krafth,0.007936324402215374,0.016893831550315687,100.0
480,Jamaal Lascelles,0.0,0.0,0.0
481,Alex Murphy,0.0,0.0,0.0
482,Harrison Ashby,0.0,0.0,0.0
483,Miodrag Pivaš,0.0,0.0,0.0
484,Matt Targett,0.0,0.0,0.0
485,Anthony Gordon,0.334553746935718,0.1755106102045785,100.0
486,Anthony Elanga,0.20912488007595745,0.23324087860626114,100.0
487,Harvey Barnes,0.3980209185452811,0.22508380846280993,100.0
488,Bruno Guimarães Rodriguez Moura,0.12743513450672633,0.1783013422052227,90.0
489,Jacob Murphy,0.242811677496342,0.34413345892331515,100.0
490,Joelinton Cássio Apolinário de Lira,0.1578536115479665,0.09210563412804378,90.0
491,Sandro Tonali,0.1456488142449319,0.0748775419667107,100.0
492,Antoñito Cordero Campillo,0.0,0.0,0.0
494,Joe Willock,0.1741016954933637,0.26858772812830867,100.0
495,Isaac Hayden,0.0,0.0,0.0
496,Garang Kuol,0.0,0.0,0.0
497,Lewis Miley,0.06699102121765596,0.029360610094383687,100.0
498,Joe White,0.0,0.0,0.0
500,William Osula,0.0,0.0,0.0
501,Sean Neave,0.0,0.0,0.0
674,Aaron Ramsdale,0.0,0.0,100.0
684,Malick Thiaw,0.0,0.0,0.0
689,Seung-Soo Park,0.0,0.0,0.0
714,Nick Woltemade,0.0,0.0,0.0
12,Oleksandr Zinchenko,0.08976971257477999,0.023158980198204518,100.0
426,James McAtee,0.6774622258727502,0.22550414297238125,100.0
502,Matz Sels,0.0,0.013735954453678508,100.0
503,Carlos Miguel dos Santos Pereira,0.0,0.0,0.0
504,Matt Turner,0.0,0.0,0.0
505,Nikola Milenković,0.12354542788218807,0.028213761545516348,94.11764705882352
506,Murillo Costa dos Santos,0.05485372872578889,0.03913251299407565,90.0
507,Ola Aina,0.013734405160270977,0.060944273858176946,100.0
508,Neco Williams,0.10484804537619626,0.05947572955902855,100.0
509,David Mota Veiga Teixeira do Carmo,0.0,0.0,0.0
510,Jair Paula da Cunha Filho,0.0,0.0,0.0
511,Felipe Rodrigues da Silva,0.0,0.0,0.0
512,Omar Richards,0.0,0.0,0.0
513,Zach Abbott,0.0,0.0,0.0
514,Willy Boly,0.0,0.0,0.0
515,Morgan Gibbs-White,0.19268738181879705,0.19160581283099856,100.0
516,Callum Hudson-Odoi,0.10177136354822663,0.11940119922234904,100.0
517,Elliot Anderson,0.07237684171078569,0.13390617705397967,100.0
518,João Pedro Ferreira da Silva,0.4039111079011537,0.25603378514134434,90.0
519,Nicolás Domínguez,0.08762385553580122,0.0666489829876361,100.0
520,Lewis O'Brien,0.0,0.0,0.0
521,Ibrahim Sangaré,0.0025221485363906377,0.1102914912976988,93.33333333333333
522,Ryan Yates,0.1368559413034107,0.05180117748855785,100.0
523,Eric da Silva Moreira,0.0,0.0,0.0
524,Marko Stamenić,0.0,0.0,0.0
525,Chris Wood,0.465436161806186,0.09059855259866231,100.0
526,Igor Jesus Maciel da Cruz,0.0,0.0,0.0
527,Taiwo Awoniyi,0.5996690819825022,0.021966216269849747,100.0
669,Dan Ndoye,0.0,0.0,0.0
675,Angus Gunn,0.0,0.0,0.0
693,Omari Hutchinson,0.12104654756467079,0.11588589782392933,100.0
696,Arnaud Kalimuendo,0.0,0.0,0.0
699,Douglas Luiz Soares de Paulo,0.0,0.0,0.0
715,John Victor Maciel Furtado,0.0,0.0,0.0
716,Nicolò Savona,0.0,0.0,0.0
729,Luis Eduardo Soares da Silva,0.0,0.0,0.0
734,Dilane Bakwa,0.0,0.0,0.0
528,Anthony Patterson,0.0,0.0,0.0
529,Simon Moore,0.0,0.0,0.0
530,Blondy Nna Noukeu,0.0,0.0,0.0
531,Daniel Ballard,0.0,0.0,0.0
532,Trai Hume,0.0,0.0,0.0
533,Aji Alese,0.0,0.0,0.0
534,Joe Anderson,0.0,0.0,0.0
535,Dennis Cirkin,0.0,0.0,0.0
536,Leo Fuhr Hjelde,0.0,0.0,0.0
537,Niall Huggins,0.0,0.0,0.0
538,Zak Johnson,0.0,0.0,0.0
539,Luke O'Nien,0.0,0.0,0.0
540,Timothée Pembélé,0.0,0.0,0.0
541,Reinildo Mandava,0.0,0.0,0.0
542,Jenson Seelt,0.0,0.0,0.0
543,Simon Adingra,0.26126372010191207,0.17203435334519146,100.0
544,Habib Diarra,0.0,0.0,0.0
545,Patrick Roberts,0.0,0.0,0.0
546,Milan Aleksić,0.0,0.0,0.0
547,Enzo Le Fée,0.0,0.0,0.0
548,Romaine Mundle,0.0,0.0,0.0
549,Dan Neil,0.0,0.0,0.0
550,Ian Poveda-Ocampo,0.0,0.0,0.0
551,Chris Rigg,0.0,0.0,0.0
552,Noah Sadiki,0.0,0.0,0.0
553,Chemsdine Talbi,0.0,0.0,0.0
554,Abdoullah Ba,0.0,0.0,0.0
555,Alan Browne,0.0,0.0,0.0
556,Pierre Ekwah Elimby,0.0,0.0,0.0
557,Harrison Jones,0.0,0.0,0.0
558,Jay Matete,0.0,0.0,0.0
559,Nectarios Triantis,0.0,0.0,0.0
560,Wilson Isidor,0.0,0.0,0.0
561,Eliezer Mayenda Dossou,0.0,0.0,0.0
562,Ahmed Abdullahi,0.0,0.0,0.0
563,Luís Hemir Silva Semedo,0.0,0.0,0.0
564,Nazarii Rusyn,0.0,0.0,0.0
668,Granit Xhaka,0.0,0.0,0.0
670,Robin Roefs,0.0,0.0,0.0
678,Arthur Masuaku,0.0,0.0,0.0
683,Omar Alderete,0.0,0.0,0.0
694,Nordi Mukiele,0.0,0.0,0.0
724,Lutsharel Geertruida,0.0,0.0,0.0
730,Brian Brobbey,0.0,0.0,0.0
735,Bertrand Traoré,0.0,0.0,0.0
565,Guglielmo Vicario,0.0,0.0,100.0
566,Brandon Austin,0.0,0.0,0.0
567,Antonín Kinský,0.0,0.03672437369823456,92.85714285714286
568,Pedro Porro Sauceda,0.06332974138301206,0.22667043133985146,90.0
569,Cristian Romero,0.12024050669909192,0.03946512106800815,100.0
570,Kevin Danso,0.02932107984088361,0.007334874443975942,100.0
571,Ben Davies,0.02455129030881063,0.00673695372523002,100.0
572,Radu Drăgușin,0.0,0.0,0.0
573,Djed Spence,0.021038016914118565,0.09323465245287248,100.0
574,Destiny Udogie,0.016148557963892397,0.05821711340275956,90.0
575,Micky van de Ven,0.06730408968709257,0.10286777835812647,100.0
576,Ashley Phillips,0.0,0.0,0.0
577,Takai Kōta,0.0,0.0,0.0
578,Luka Vušković,0.0,0.0,0.0
579,Son Heung-min,0.3333053253416574,0.381251972561279,100.0
580,Brennan Johnson,0.4612652195448225,0.12184662528890224,100.0
581,James Maddison,0.28656100808994506,0.2925458568566429,100.0
582,Mohammed Kudus,0.24677273917069198,0.12747154193495427,100.0
583,Dejan Kulusevski,0.20790310169907855,0.24476727351564984,100.0
584,Mathys Tel,0.2738642521283549,0.24526381294202548,100.0
585,Rodrigo Bentancur,0.06994060280742824,0.0188594613905235,100.0
586,Lucas Bergvall,0.046192509567062195,0.05461857689461391,100.0
587,Yves Bissouma,0.0285293127839955,0.01877963125037077,100.0
588,Wilson Odobert,0.2253676279718001,0.09113875422736949,100.0
589,Manor Solomon,0.0,0.0,0.0
590,Bryan Gil Salvatierra,0.0,0.0,0.0
591,Archie Gray,0.0015327408952889516,0.007945330799522256,100.0
592,Mikey Moore,0.042006854827587425,0.17271822270674583,100.0
593,Pape Matar Sarr,0.0,0.0,0.0
594,Yang Min-hyeok,0.0,0.0,0.0
595,Callum Olusesi,0.0,0.0,0.0
596,Dominic Solanke-Mitchell,0.503352754875212,0.099776145121133,90.0
597,Richarlison de Andrade,0.8222103650402871,0.15750209379727673,90.0
598,Will Lankshear,0.0,0.0,0.0
599,Dane Scarlett,0.0,0.0,0.0
673,João Maria Lobo Alves Palhares Costa Palhinha Gonçalves,0.0,0.0,0.0
717,Xavi Simons,0.0,0.0,0.0
726,Randal Kolo Muani,0.0,0.0,0.0
149,Igor Julio dos Santos de Paulo,0.007836288996856578,0.01339800024601292,90.0
600,Alphonse Areola,0.0,0.0,100.0
601,Wes Foderingham,0.0,0.0,0.0
602,Krisztián Hegyi,0.0,0.0,0.0
603,El Hadji Malick Diouf,0.0,0.0,0.0
604,Emerson Palmieri dos Santos,0.08854051615250347,0.050376824240394046,90.0
605,Maximilian Kilman,0.0,0.0,0.0
606,Konstantinos Mavropanos,0.07372563567078677,0.029963546283763538,100.0
607,Nayef Aguerd,0.0,0.0,0.0
608,Ollie Scarles,0.01919304509502575,0.01622587037475213,88.88888888888889
609,Jean-Clair Todibo,0.013640260540326956,0.0014610271352158825,100.0
610,Aaron Wan-Bissaka,0.03855695616907153,0.11659949212317343,100.0
611,Kaelan Casey,0.0,0.0,0.0
612,Lucas Tolentino Coelho de Lima,0.0,0.0,0.0
613,Tomáš Souček,0.0,0.0,0.0
614,James Ward-Prowse,0.08038410702893822,0.20260289056886055,100.0
615,Crysencio Summerville,0.2148200842355819,0.2556438787203086,100.0
616,Edson Álvarez Velázquez,0.016217228208098802,0.04048868057761618,90.0
617,Maxwel Cornet,0.0,0.0,0.0
618,Guido Rodríguez,0.012419160725619957,0.016739115062105746,100.0
619,Luis Guilherme Lira dos Santos,0.0,0.0,0.0
620,George Earthy,0.0,0.0,0.0
621,Andy Irving,0.0,0.0,0.0
622,Lewis Orford,0.0,0.0,0.0
623,Freddie Potts,0.0,0.0,0.0
624,Jarrod Bowen,0.29517185221143966,0.2295351414289357,100.0
625,Niclas Füllkrug,0.2513422105100847,0.2419170353201128,100.0
626,Callum Marshall,0.0,0.0,0.0
659,Kyle Walker-Peters,0.03562868601339726,0.08581036430400756,100.0
671,Callum Wilson,0.2158686097342366,0.05426369345607087,100.0
679,Mads Hermansen,0.0,0.0,100.0
708,Mateus Gonçalo Espanha Fernandes,0.0,0.0,0.0
718,Soungoutou Magassa,0.0,0.0,0.0
738,Lukasz Fabianski,0.0,0.0,100.0
627,Sam Johnstone,0.0,0.007009165627615792,100.0
628,José Malheiro de Sá,0.0,0.0,0.0
629,Daniel Bentley,0.0,0.0,100.0
631,Emmanuel Agbadou,0.044196853888401555,0.012041042562800723,100.0
632,Matt Doherty,0.06630872900240889,0.07251159930340598,100.0
633,Hugo Bueno López,0.0,0.0,0.0
634,Yerson Mosquera Valdelamar,0.0936173290912328,0.01898457736907793,90.0
635,Rodrigo Martins Gomes,0.0,0.0,0.0
636,Santiago Ignacio Bueno,0.0,0.0,0.0
637,Toti Gomes,0.033546969895538806,0.03409291125271358,90.0
638,Ki-Jana Hoever,0.0,0.0,0.0
639,Bastien Meupiyou Menadjou,0.0,0.0,0.0
640,Pedro Cardoso de Lima,0.0,0.0,0.0
641,Alfie Pond,0.0,0.0,0.0
642,Hwang Hee-chan,0.1154322809514322,0.041183102995539934,95.0
643,André Trindade da Costa Neto,0.0,0.0,90.0
644,Jean-Ricner Bellegarde,0.09536399200175792,0.21543669267362275,100.0
645,Fer López González,0.0,0.0,0.0
646,João Victor Gomes da Silva,0.0,0.0,0.0
647,Gonçalo Manuel Ganchinho Guedes,0.0,0.0,0.0
648,Marshall Munetsi,0.2369720356878184,0.16633857959071277,100.0
649,Boubacar Traoré,0.0,0.0,0.0
650,Tawanda Chirewa,0.0,0.0,0.0
651,Tom Edozie,0.0,0.0,0.0
652,Enso González Medina,0.0,0.0,0.0
653,Joe Hodge,0.0,0.0,0.0
654,Jørgen Strand Larsen,0.40094190062784657,0.11519679401450358,100.0
655,Fábio Soares Silva,0.0,0.0,0.0
656,Saša Kalajdžić,0.0,0.0,0.0
657,Leon Chiwome,0.0,0.0,0.0
658,Nathan Fraser,0.0,0.0,0.0
663,Jhon Arias,0.0,0.0,0.0
682,David Møller Wolfe,0.0,0.0,0.0
695,Jackson Tchatchoua,0.0,0.0,0.0
709,Ladislav Krejcí,0.0,0.0,0.0
720,Tolu Arokodare,0.0,0.0,0.0
